{
    "Cardboard": {
        "precision": 0.8360655737704918,
        "recall": 0.8360655737704918,
        "f1-score": 0.8360655737704918,
        "support": 61.0
    },
    "Glass": {
        "precision": 0.78125,
        "recall": 0.6578947368421053,
        "f1-score": 0.7142857142857143,
        "support": 76.0
    },
    "Metal": {
        "precision": 0.6923076923076923,
        "recall": 0.8709677419354839,
        "f1-score": 0.7714285714285715,
        "support": 62.0
    },
    "Paper": {
        "precision": 0.8433734939759037,
        "recall": 0.7777777777777778,
        "f1-score": 0.8092485549132948,
        "support": 90.0
    },
    "Plastic": {
        "precision": 0.8688524590163934,
        "recall": 0.726027397260274,
        "f1-score": 0.7910447761194029,
        "support": 73.0
    },
    "Trash": {
        "precision": 0.4722222222222222,
        "recall": 0.8095238095238095,
        "f1-score": 0.5964912280701754,
        "support": 21.0
    },
    "accuracy": 0.7702349869451697,
    "macro avg": {
        "precision": 0.7490119068821173,
        "recall": 0.7797095061849904,
        "f1-score": 0.7530940697646084,
        "support": 383.0
    },
    "weighted avg": {
        "precision": 0.7899336489706832,
        "recall": 0.7702349869451697,
        "f1-score": 0.7734183814691185,
        "support": 383.0
    }
}